{"accuracy": 0.3640333333333333, "F1 score": 0.6561059574698167, "precision": 0.3558187244923164}