{"accuracy": 0.3640333333333333, "F1 score": 0.6561055351063915, "precision": 0.3558181261336162}