{"accuracy": 0.24313333333333334, "F1 score": 0.5120354938642585, "precision": 0.2564668054848511}