{"accuracy": 0.2569666666666667, "F1 score": 0.5303668253707675, "precision": 0.26857140914355937}