{"accuracy": 0.3654, "F1 score": 0.6524164199692589, "precision": 0.34927991414061865}