{"accuracy": 0.3654, "F1 score": 0.6524255801298079, "precision": 0.349317899361317}